FILE	LINE	KIND	NAME
app.py	17	function	dict2namespace
app.py	27	function	_pad_to_64
app.py	36	function	_hann_window_2d
app.py	42	function	_blend_window_2d
app.py	50	function	_infer_tiled
app.py	130	function	load_pipeline
app.py	155	function	make_infer_fn
app.py	255	function	main
cli_infer.py	13	function	dict2namespace
cli_infer.py	23	function	pad_to_64
cli_infer.py	31	function	_hann_window_2d
cli_infer.py	38	function	infer_tiled
cli_infer.py	118	function	main
datasets\data_augment.py	6	class	PairRandomCrop
datasets\data_augment.py	8	method	PairRandomCrop.__call__
datasets\data_augment.py	28	class	PairCompose
datasets\data_augment.py	29	method	PairCompose.__call__
datasets\data_augment.py	35	class	PairRandomHorizontalFilp
datasets\data_augment.py	36	method	PairRandomHorizontalFilp.__call__
datasets\data_augment.py	49	class	PairRandomVerticalFlip
datasets\data_augment.py	50	method	PairRandomVerticalFlip.__call__
datasets\data_augment.py	63	class	PairToTensor
datasets\data_augment.py	64	method	PairToTensor.__call__
datasets\dataset.py	8	class	LLdataset
datasets\dataset.py	9	method	LLdataset.__init__
datasets\dataset.py	12	method	LLdataset.get_loaders
datasets\dataset.py	30	class	AllWeatherDataset
datasets\dataset.py	31	method	AllWeatherDataset.__init__
datasets\dataset.py	54	method	AllWeatherDataset.get_images
datasets\dataset.py	69	method	AllWeatherDataset.__getitem__
datasets\dataset.py	73	method	AllWeatherDataset.__len__
evaluate.py	16	function	parse_args_and_config
evaluate.py	34	function	dict2namespace
evaluate.py	45	function	main
models\ddm.py	14	class	EMAHelper
models\ddm.py	15	method	EMAHelper.__init__
models\ddm.py	19	method	EMAHelper.register
models\ddm.py	26	method	EMAHelper.update
models\ddm.py	33	method	EMAHelper.ema
models\ddm.py	40	method	EMAHelper.ema_copy
models\ddm.py	52	method	EMAHelper.state_dict
models\ddm.py	55	method	EMAHelper.load_state_dict
models\ddm.py	59	function	get_beta_schedule
models\ddm.py	80	class	Net
models\ddm.py	81	method	Net.__init__
models\ddm.py	105	method	Net.compute_alpha
models\ddm.py	111	method	Net.load_stage1
models\ddm.py	116	method	Net.sample_training
models\ddm.py	140	method	Net.forward
models\ddm.py	186	class	DenoisingDiffusion
models\ddm.py	187	method	DenoisingDiffusion.__init__
models\ddm.py	205	method	DenoisingDiffusion.load_ddm_ckpt
models\ddm.py	221	method	DenoisingDiffusion.train
models\ddm.py	276	method	DenoisingDiffusion.noise_estimation_loss
models\ddm.py	286	method	DenoisingDiffusion.sample_validation_patches
models\decom.py	13	class	Depth_conv
models\decom.py	14	method	Depth_conv.__init__
models\decom.py	33	method	Depth_conv.forward
models\decom.py	39	class	Res_block
models\decom.py	40	method	Res_block.__init__
models\decom.py	55	method	Res_block.forward
models\decom.py	61	class	upsampling
models\decom.py	62	method	upsampling.__init__
models\decom.py	70	method	upsampling.forward
models\decom.py	75	class	channel_down
models\decom.py	76	method	channel_down.__init__
models\decom.py	85	method	channel_down.forward
models\decom.py	91	class	channel_up
models\decom.py	92	method	channel_up.__init__
models\decom.py	101	method	channel_up.forward
models\decom.py	107	class	feature_pyramid
models\decom.py	108	method	feature_pyramid.__init__
models\decom.py	128	method	feature_pyramid.forward
models\decom.py	137	class	ReconNet
models\decom.py	138	method	ReconNet.__init__
models\decom.py	161	method	ReconNet.forward
models\decom.py	189	class	Self_Attention
models\decom.py	190	method	Self_Attention.__init__
models\decom.py	198	method	Self_Attention.forward
models\decom.py	222	class	Cross_Attention
models\decom.py	223	method	Cross_Attention.__init__
models\decom.py	239	method	Cross_Attention.transpose_for_scores
models\decom.py	250	method	Cross_Attention.forward
models\decom.py	272	class	Retinex_decom
models\decom.py	273	method	Retinex_decom.__init__
models\decom.py	292	method	Retinex_decom.forward
models\decom.py	313	class	CTDN
models\decom.py	314	method	CTDN.__init__
models\decom.py	320	method	CTDN.forward
models\restoration.py	9	class	DiffusiveRestoration
models\restoration.py	10	method	DiffusiveRestoration.__init__
models\restoration.py	22	method	DiffusiveRestoration.restore
models\restoration.py	59	method	DiffusiveRestoration._restore_tiled
models\unet.py	11	function	get_timestep_embedding
models\unet.py	32	function	nonlinearity
models\unet.py	37	function	Normalize
models\unet.py	41	class	Upsample
models\unet.py	42	method	Upsample.__init__
models\unet.py	52	method	Upsample.forward
models\unet.py	60	class	Downsample
models\unet.py	61	method	Downsample.__init__
models\unet.py	72	method	Downsample.forward
models\unet.py	82	class	ResnetBlock
models\unet.py	83	method	ResnetBlock.__init__
models\unet.py	120	method	ResnetBlock.forward
models\unet.py	142	class	AttnBlock
models\unet.py	143	method	AttnBlock.__init__
models\unet.py	169	method	AttnBlock.forward
models\unet.py	197	class	DiffusionUNet
models\unet.py	198	method	DiffusionUNet.__init__
models\unet.py	296	method	DiffusionUNet.forward
train.py	17	function	parse_args_and_config
train.py	37	function	dict2namespace
train.py	48	function	main
utils\logging.py	7	function	save_image
utils\logging.py	13	function	save_checkpoint
utils\logging.py	19	function	load_checkpoint
utils\optimize.py	4	function	get_optimizer
utils\sampling.py	5	function	data_transform
utils\sampling.py	9	function	inverse_data_transform
